-- MySQL dump 10.13  Distrib 5.7.20, for Win32 (AMD64)
--
-- Host: localhost    Database: vocabulary
-- ------------------------------------------------------
-- Server version	5.7.20-log

/*!40101 SET @OLD_CHARACTER_SET_CLIENT=@@CHARACTER_SET_CLIENT */;
/*!40101 SET @OLD_CHARACTER_SET_RESULTS=@@CHARACTER_SET_RESULTS */;
/*!40101 SET @OLD_COLLATION_CONNECTION=@@COLLATION_CONNECTION */;
/*!40101 SET NAMES utf8 */;
/*!40103 SET @OLD_TIME_ZONE=@@TIME_ZONE */;
/*!40103 SET TIME_ZONE='+00:00' */;
/*!40014 SET @OLD_UNIQUE_CHECKS=@@UNIQUE_CHECKS, UNIQUE_CHECKS=0 */;
/*!40014 SET @OLD_FOREIGN_KEY_CHECKS=@@FOREIGN_KEY_CHECKS, FOREIGN_KEY_CHECKS=0 */;
/*!40101 SET @OLD_SQL_MODE=@@SQL_MODE, SQL_MODE='NO_AUTO_VALUE_ON_ZERO' */;
/*!40111 SET @OLD_SQL_NOTES=@@SQL_NOTES, SQL_NOTES=0 */;

--
-- Current Database: `vocabulary`
--

CREATE DATABASE /*!32312 IF NOT EXISTS*/ `vocabulary` /*!40100 DEFAULT CHARACTER SET utf8 */;

USE `vocabulary`;

--
-- Table structure for table `languages`
--

DROP TABLE IF EXISTS `languages`;
/*!40101 SET @saved_cs_client     = @@character_set_client */;
/*!40101 SET character_set_client = utf8 */;
CREATE TABLE `languages` (
  `language_id` int(11) NOT NULL AUTO_INCREMENT,
  `language_name` varchar(255) NOT NULL,
  PRIMARY KEY (`language_id`)
) ENGINE=InnoDB AUTO_INCREMENT=10020 DEFAULT CHARSET=utf8;
/*!40101 SET character_set_client = @saved_cs_client */;

--
-- Dumping data for table `languages`
--

LOCK TABLES `languages` WRITE;
/*!40000 ALTER TABLE `languages` DISABLE KEYS */;
INSERT INTO `languages` VALUES (10017,'English'),(10018,'Russian'),(10019,'German');
/*!40000 ALTER TABLE `languages` ENABLE KEYS */;
UNLOCK TABLES;

--
-- Table structure for table `word_classes`
--

DROP TABLE IF EXISTS `word_classes`;
/*!40101 SET @saved_cs_client     = @@character_set_client */;
/*!40101 SET character_set_client = utf8 */;
CREATE TABLE `word_classes` (
  `word_class_id` int(11) NOT NULL AUTO_INCREMENT,
  `word_class_name` varchar(255) NOT NULL,
  PRIMARY KEY (`word_class_id`)
) ENGINE=InnoDB AUTO_INCREMENT=10012 DEFAULT CHARSET=utf8;
/*!40101 SET character_set_client = @saved_cs_client */;

--
-- Dumping data for table `word_classes`
--

LOCK TABLES `word_classes` WRITE;
/*!40000 ALTER TABLE `word_classes` DISABLE KEYS */;
INSERT INTO `word_classes` VALUES (10003,'noun'),(10004,'verb'),(10005,'adjective'),(10006,'adverb'),(10007,'pronoun'),(10008,'preposition'),(10009,'conjunction'),(10011,'collocation');
/*!40000 ALTER TABLE `word_classes` ENABLE KEYS */;
UNLOCK TABLES;

--
-- Table structure for table `word_collection_relationships`
--

DROP TABLE IF EXISTS `word_collection_relationships`;
/*!40101 SET @saved_cs_client     = @@character_set_client */;
/*!40101 SET character_set_client = utf8 */;
CREATE TABLE `word_collection_relationships` (
  `collection_relationship_id` int(11) NOT NULL AUTO_INCREMENT,
  `relationships_word` int(11) NOT NULL,
  `relationships_collection` int(11) NOT NULL,
  PRIMARY KEY (`collection_relationship_id`),
  KEY `relationships_word` (`relationships_word`),
  KEY `relationships_collection` (`relationships_collection`),
  CONSTRAINT `relationships_collection` FOREIGN KEY (`relationships_collection`) REFERENCES `word_collections` (`word_collection_id`),
  CONSTRAINT `relationships_word` FOREIGN KEY (`relationships_word`) REFERENCES `words` (`word_id`)
) ENGINE=InnoDB AUTO_INCREMENT=10646 DEFAULT CHARSET=utf8;
/*!40101 SET character_set_client = @saved_cs_client */;

--
-- Dumping data for table `word_collection_relationships`
--

LOCK TABLES `word_collection_relationships` WRITE;
/*!40000 ALTER TABLE `word_collection_relationships` DISABLE KEYS */;
INSERT INTO `word_collection_relationships` VALUES (10498,11195,10018),(10499,11197,10018),(10500,11199,10018),(10501,11201,10018),(10502,11203,10018),(10503,11205,10018),(10504,11207,10018),(10505,11210,10018),(10506,11212,10018),(10507,11214,10018),(10508,11217,10018),(10509,11219,10018),(10510,11221,10018),(10511,11223,10018),(10512,11225,10018),(10513,11227,10018),(10514,11229,10018),(10515,11231,10018),(10516,11233,10018),(10517,11235,10018),(10518,11237,10018),(10519,11239,10018),(10520,11241,10018),(10521,11243,10018),(10522,11245,10018),(10523,11247,10018),(10524,11249,10018),(10525,11251,10018),(10526,11254,10018),(10527,11256,10018),(10528,11259,10018),(10529,11261,10018),(10530,11264,10018),(10531,11267,10018),(10532,11269,10018),(10533,11271,10018),(10534,11273,10018),(10535,11275,10018),(10536,11277,10018),(10537,11279,10018),(10538,11281,10018),(10539,11283,10018),(10540,11286,10018),(10541,11288,10018),(10542,11290,10018),(10543,11292,10018),(10544,11294,10019),(10545,11298,10019),(10546,11301,10019),(10547,11304,10019),(10548,11307,10019),(10549,11310,10019),(10550,11312,10019),(10551,11314,10019),(10552,11317,10019),(10553,11320,10019),(10554,11323,10019),(10555,11326,10019),(10556,11329,10019),(10557,11332,10019),(10558,11334,10019),(10559,11336,10019),(10560,11339,10019),(10561,11342,10019),(10562,11344,10019),(10563,11348,10019),(10564,11351,10019),(10565,11355,10019),(10566,11357,10019),(10567,11360,10019),(10568,11363,10019),(10569,11367,10019),(10570,11370,10019),(10571,11371,10019),(10572,11373,10019),(10573,11376,10019),(10574,11379,10019),(10575,11382,10019),(10576,11384,10019),(10577,11386,10019),(10578,11389,10019),(10579,11393,10019),(10580,11395,10019),(10581,11400,10019),(10582,11402,10019),(10583,11406,10019),(10584,11409,10019),(10585,11413,10019),(10586,11416,10019),(10587,11418,10019),(10588,11421,10019),(10589,11424,10019),(10590,11427,10019),(10591,11429,10019),(10592,11432,10019),(10593,11434,10019),(10594,11436,10019),(10595,11441,10019),(10596,11444,10020),(10597,11447,10020),(10598,11449,10020),(10599,11452,10020),(10600,11454,10020),(10601,11456,10020),(10602,11458,10020),(10603,11460,10020),(10604,11462,10020),(10605,11464,10020),(10606,11466,10020),(10607,11469,10020),(10608,11471,10020),(10609,11473,10020),(10610,11475,10020),(10611,11478,10020),(10612,11480,10020),(10613,11482,10020),(10614,11484,10020),(10615,11487,10020),(10616,11489,10020),(10617,11491,10020),(10618,11493,10020),(10619,11495,10020),(10620,11497,10020),(10621,11499,10020),(10622,11501,10020),(10623,11503,10020),(10624,11505,10020),(10625,11507,10020),(10626,11509,10020),(10627,11511,10020),(10628,11514,10020),(10629,11516,10020),(10630,11518,10020),(10631,11520,10020),(10632,11522,10020),(10633,11524,10020),(10634,11526,10020),(10635,11528,10020),(10636,11530,10020),(10637,11532,10020),(10638,11534,10020),(10639,11536,10020),(10640,11538,10020),(10641,11539,10020),(10642,11541,10020),(10643,11543,10020),(10644,11545,10020),(10645,11547,10020);
/*!40000 ALTER TABLE `word_collection_relationships` ENABLE KEYS */;
UNLOCK TABLES;

--
-- Table structure for table `word_collections`
--

DROP TABLE IF EXISTS `word_collections`;
/*!40101 SET @saved_cs_client     = @@character_set_client */;
/*!40101 SET character_set_client = utf8 */;
CREATE TABLE `word_collections` (
  `word_collection_id` int(11) NOT NULL AUTO_INCREMENT,
  `word_collection_name` varchar(255) NOT NULL,
  PRIMARY KEY (`word_collection_id`)
) ENGINE=InnoDB AUTO_INCREMENT=10021 DEFAULT CHARSET=utf8;
/*!40101 SET character_set_client = @saved_cs_client */;

--
-- Dumping data for table `word_collections`
--

LOCK TABLES `word_collections` WRITE;
/*!40000 ALTER TABLE `word_collections` DISABLE KEYS */;
INSERT INTO `word_collections` VALUES (10018,'Antonymen'),(10019,'Adjective aus Kopien'),(10020,'Adjective mit Präpositionen');
/*!40000 ALTER TABLE `word_collections` ENABLE KEYS */;
UNLOCK TABLES;

--
-- Table structure for table `word_meaning_relationships`
--

DROP TABLE IF EXISTS `word_meaning_relationships`;
/*!40101 SET @saved_cs_client     = @@character_set_client */;
/*!40101 SET character_set_client = utf8 */;
CREATE TABLE `word_meaning_relationships` (
  `meaning_relationship_id` int(11) NOT NULL AUTO_INCREMENT,
  `relationship_word` int(11) NOT NULL,
  `relationship_meaning` int(11) NOT NULL,
  PRIMARY KEY (`meaning_relationship_id`),
  KEY `relationship_meaning` (`relationship_meaning`),
  KEY `relationship_word` (`relationship_word`),
  CONSTRAINT `relationship_meaning` FOREIGN KEY (`relationship_meaning`) REFERENCES `words` (`word_id`),
  CONSTRAINT `relationship_word` FOREIGN KEY (`relationship_word`) REFERENCES `words` (`word_id`)
) ENGINE=InnoDB AUTO_INCREMENT=11125 DEFAULT CHARSET=utf8;
/*!40101 SET character_set_client = @saved_cs_client */;

--
-- Dumping data for table `word_meaning_relationships`
--

LOCK TABLES `word_meaning_relationships` WRITE;
/*!40000 ALTER TABLE `word_meaning_relationships` DISABLE KEYS */;
INSERT INTO `word_meaning_relationships` VALUES (10687,11195,11196),(10688,11196,11195),(10689,11197,11198),(10690,11198,11197),(10691,11199,11200),(10692,11200,11199),(10693,11201,11202),(10694,11202,11201),(10695,11203,11204),(10696,11204,11203),(10697,11205,11206),(10698,11206,11205),(10699,11207,11208),(10700,11208,11207),(10701,11207,11209),(10702,11209,11207),(10703,11210,11211),(10704,11211,11210),(10705,11212,11213),(10706,11213,11212),(10707,11214,11215),(10708,11215,11214),(10709,11214,11216),(10710,11216,11214),(10711,11217,11218),(10712,11218,11217),(10713,11219,11220),(10714,11220,11219),(10715,11221,11222),(10716,11222,11221),(10717,11223,11224),(10718,11224,11223),(10719,11225,11226),(10720,11226,11225),(10721,11227,11228),(10722,11228,11227),(10723,11229,11230),(10724,11230,11229),(10725,11231,11232),(10726,11232,11231),(10727,11233,11234),(10728,11234,11233),(10729,11235,11236),(10730,11236,11235),(10731,11237,11238),(10732,11238,11237),(10733,11239,11240),(10734,11240,11239),(10735,11241,11242),(10736,11242,11241),(10737,11243,11244),(10738,11244,11243),(10739,11245,11246),(10740,11246,11245),(10741,11247,11248),(10742,11248,11247),(10743,11249,11250),(10744,11250,11249),(10745,11251,11252),(10746,11252,11251),(10747,11251,11253),(10748,11253,11251),(10749,11254,11255),(10750,11255,11254),(10751,11256,11257),(10752,11257,11256),(10753,11256,11258),(10754,11258,11256),(10755,11259,11260),(10756,11260,11259),(10757,11261,11262),(10758,11262,11261),(10759,11261,11263),(10760,11263,11261),(10761,11264,11265),(10762,11265,11264),(10763,11264,11266),(10764,11266,11264),(10765,11267,11268),(10766,11268,11267),(10767,11269,11270),(10768,11270,11269),(10769,11271,11272),(10770,11272,11271),(10771,11273,11274),(10772,11274,11273),(10773,11275,11276),(10774,11276,11275),(10775,11277,11278),(10776,11278,11277),(10777,11279,11280),(10778,11280,11279),(10779,11281,11282),(10780,11282,11281),(10781,11283,11284),(10782,11284,11283),(10783,11283,11285),(10784,11285,11283),(10785,11286,11287),(10786,11287,11286),(10787,11288,11289),(10788,11289,11288),(10789,11290,11291),(10790,11291,11290),(10791,11292,11293),(10792,11293,11292),(10793,11294,11295),(10794,11295,11294),(10795,11294,11296),(10796,11296,11294),(10797,11294,11297),(10798,11297,11294),(10799,11298,11299),(10800,11299,11298),(10801,11298,11300),(10802,11300,11298),(10803,11301,11302),(10804,11302,11301),(10805,11301,11303),(10806,11303,11301),(10807,11304,11305),(10808,11305,11304),(10809,11304,11306),(10810,11306,11304),(10811,11307,11308),(10812,11308,11307),(10813,11307,11309),(10814,11309,11307),(10815,11310,11311),(10816,11311,11310),(10817,11312,11313),(10818,11313,11312),(10819,11314,11315),(10820,11315,11314),(10821,11314,11316),(10822,11316,11314),(10823,11317,11318),(10824,11318,11317),(10825,11317,11319),(10826,11319,11317),(10827,11320,11321),(10828,11321,11320),(10829,11320,11322),(10830,11322,11320),(10831,11323,11324),(10832,11324,11323),(10833,11323,11325),(10834,11325,11323),(10835,11326,11327),(10836,11327,11326),(10837,11326,11328),(10838,11328,11326),(10839,11329,11330),(10840,11330,11329),(10841,11329,11331),(10842,11331,11329),(10843,11332,11333),(10844,11333,11332),(10845,11334,11335),(10846,11335,11334),(10847,11336,11337),(10848,11337,11336),(10849,11336,11338),(10850,11338,11336),(10851,11339,11340),(10852,11340,11339),(10853,11339,11341),(10854,11341,11339),(10855,11342,11343),(10856,11343,11342),(10857,11344,11345),(10858,11345,11344),(10859,11344,11346),(10860,11346,11344),(10861,11344,11347),(10862,11347,11344),(10863,11348,11349),(10864,11349,11348),(10865,11348,11350),(10866,11350,11348),(10867,11351,11352),(10868,11352,11351),(10869,11351,11353),(10870,11353,11351),(10871,11351,11354),(10872,11354,11351),(10873,11355,11356),(10874,11356,11355),(10875,11357,11358),(10876,11358,11357),(10877,11357,11359),(10878,11359,11357),(10879,11360,11361),(10880,11361,11360),(10881,11360,11362),(10882,11362,11360),(10883,11363,11364),(10884,11364,11363),(10885,11363,11365),(10886,11365,11363),(10887,11363,11366),(10888,11366,11363),(10889,11363,11309),(10890,11309,11363),(10891,11367,11368),(10892,11368,11367),(10893,11367,11369),(10894,11369,11367),(10895,11370,11321),(10896,11321,11370),(10897,11370,11345),(10898,11345,11370),(10899,11371,11372),(10900,11372,11371),(10901,11371,11309),(10902,11309,11371),(10903,11373,11374),(10904,11374,11373),(10905,11373,11375),(10906,11375,11373),(10907,11376,11377),(10908,11377,11376),(10909,11376,11378),(10910,11378,11376),(10911,11379,11321),(10912,11321,11379),(10913,11379,11380),(10914,11380,11379),(10915,11379,11381),(10916,11381,11379),(10917,11382,11383),(10918,11383,11382),(10919,11382,11321),(10920,11321,11382),(10921,11384,11385),(10922,11385,11384),(10923,11386,11387),(10924,11387,11386),(10925,11386,11388),(10926,11388,11386),(10927,11389,11390),(10928,11390,11389),(10929,11389,11375),(10930,11375,11389),(10931,11389,11391),(10932,11391,11389),(10933,11389,11392),(10934,11392,11389),(10935,11393,11394),(10936,11394,11393),(10937,11395,11396),(10938,11396,11395),(10939,11395,11397),(10940,11397,11395),(10941,11395,11398),(10942,11398,11395),(10943,11395,11399),(10944,11399,11395),(10945,11400,11401),(10946,11401,11400),(10947,11402,11321),(10948,11321,11402),(10949,11402,11403),(10950,11403,11402),(10951,11402,11404),(10952,11404,11402),(10953,11402,11405),(10954,11405,11402),(10955,11406,11407),(10956,11407,11406),(10957,11406,11408),(10958,11408,11406),(10959,11409,11410),(10960,11410,11409),(10961,11409,11411),(10962,11411,11409),(10963,11409,11412),(10964,11412,11409),(10965,11413,11414),(10966,11414,11413),(10967,11413,11415),(10968,11415,11413),(10969,11416,11321),(10970,11321,11416),(10971,11416,11345),(10972,11345,11416),(10973,11416,11417),(10974,11417,11416),(10975,11418,11419),(10976,11419,11418),(10977,11418,11420),(10978,11420,11418),(10979,11421,11422),(10980,11422,11421),(10981,11421,11423),(10982,11423,11421),(10983,11424,11425),(10984,11425,11424),(10985,11424,11426),(10986,11426,11424),(10987,11427,11428),(10988,11428,11427),(10989,11427,11401),(10990,11401,11427),(10991,11429,11430),(10992,11430,11429),(10993,11429,11431),(10994,11431,11429),(10995,11432,11433),(10996,11433,11432),(10997,11434,11341),(10998,11341,11434),(10999,11434,11435),(11000,11435,11434),(11001,11436,11437),(11002,11437,11436),(11003,11436,11438),(11004,11438,11436),(11005,11436,11439),(11006,11439,11436),(11007,11436,11440),(11008,11440,11436),(11009,11441,11442),(11010,11442,11441),(11011,11441,11443),(11012,11443,11441),(11013,11444,11445),(11014,11445,11444),(11015,11444,11446),(11016,11446,11444),(11017,11447,11448),(11018,11448,11447),(11019,11449,11450),(11020,11450,11449),(11021,11449,11451),(11022,11451,11449),(11023,11452,11453),(11024,11453,11452),(11025,11454,11455),(11026,11455,11454),(11027,11456,11457),(11028,11457,11456),(11029,11458,11459),(11030,11459,11458),(11031,11460,11461),(11032,11461,11460),(11033,11462,11463),(11034,11463,11462),(11035,11464,11465),(11036,11465,11464),(11037,11466,11467),(11038,11467,11466),(11039,11466,11468),(11040,11468,11466),(11041,11469,11470),(11042,11470,11469),(11043,11471,11472),(11044,11472,11471),(11045,11473,11474),(11046,11474,11473),(11047,11475,11476),(11048,11476,11475),(11049,11475,11477),(11050,11477,11475),(11051,11478,11479),(11052,11479,11478),(11053,11480,11481),(11054,11481,11480),(11055,11482,11483),(11056,11483,11482),(11057,11484,11485),(11058,11485,11484),(11059,11484,11486),(11060,11486,11484),(11061,11487,11488),(11062,11488,11487),(11063,11489,11490),(11064,11490,11489),(11065,11491,11492),(11066,11492,11491),(11067,11493,11494),(11068,11494,11493),(11069,11495,11496),(11070,11496,11495),(11071,11497,11498),(11072,11498,11497),(11073,11499,11500),(11074,11500,11499),(11075,11501,11502),(11076,11502,11501),(11077,11503,11504),(11078,11504,11503),(11079,11505,11506),(11080,11506,11505),(11081,11507,11508),(11082,11508,11507),(11083,11509,11510),(11084,11510,11509),(11085,11511,11512),(11086,11512,11511),(11087,11511,11513),(11088,11513,11511),(11089,11514,11515),(11090,11515,11514),(11091,11516,11517),(11092,11517,11516),(11093,11518,11519),(11094,11519,11518),(11095,11520,11521),(11096,11521,11520),(11097,11522,11523),(11098,11523,11522),(11099,11524,11525),(11100,11525,11524),(11101,11526,11527),(11102,11527,11526),(11103,11528,11529),(11104,11529,11528),(11105,11530,11531),(11106,11531,11530),(11107,11532,11533),(11108,11533,11532),(11109,11534,11535),(11110,11535,11534),(11111,11536,11537),(11112,11537,11536),(11113,11538,11479),(11114,11479,11538),(11115,11539,11540),(11116,11540,11539),(11117,11541,11542),(11118,11542,11541),(11119,11543,11544),(11120,11544,11543),(11121,11545,11546),(11122,11546,11545),(11123,11547,11548),(11124,11548,11547);
/*!40000 ALTER TABLE `word_meaning_relationships` ENABLE KEYS */;
UNLOCK TABLES;

--
-- Table structure for table `words`
--

DROP TABLE IF EXISTS `words`;
/*!40101 SET @saved_cs_client     = @@character_set_client */;
/*!40101 SET character_set_client = utf8 */;
CREATE TABLE `words` (
  `word_id` int(11) NOT NULL AUTO_INCREMENT,
  `value` varchar(255) NOT NULL,
  `class` int(11) NOT NULL,
  `language` int(11) NOT NULL,
  PRIMARY KEY (`word_id`),
  KEY `language` (`language`),
  KEY `class` (`class`),
  CONSTRAINT `class` FOREIGN KEY (`class`) REFERENCES `word_classes` (`word_class_id`),
  CONSTRAINT `language` FOREIGN KEY (`language`) REFERENCES `languages` (`language_id`)
) ENGINE=InnoDB AUTO_INCREMENT=11549 DEFAULT CHARSET=utf8;
/*!40101 SET character_set_client = @saved_cs_client */;

--
-- Dumping data for table `words`
--

LOCK TABLES `words` WRITE;
/*!40000 ALTER TABLE `words` DISABLE KEYS */;
INSERT INTO `words` VALUES (11195,'e Heiterkeit',10003,10019),(11196,'веселость',10003,10018),(11197,'e Zustimmung',10003,10019),(11198,'согласие',10003,10018),(11199,'e Traurigkeit',10003,10019),(11200,'грустность',10003,10018),(11201,'e Geborgenheit',10003,10019),(11202,'чувство безопасности',10003,10018),(11203,'e Zerstörung',10003,10019),(11204,'уничтожение',10003,10018),(11205,'e Muße',10003,10019),(11206,'время прилежного делания раби себя',10003,10018),(11207,'e Unrast',10003,10019),(11208,'неугомонность',10003,10018),(11209,'обеспокоеннсть',10003,10018),(11210,'e Tätigkeit',10003,10019),(11211,'занятость (есть что делать)',10003,10018),(11212,'r Nutzen',10003,10019),(11213,'польща',10003,10018),(11214,'e Schande',10003,10019),(11215,'стыд',10003,10018),(11216,'бесчестье',10003,10018),(11217,'e Fülle',10003,10019),(11218,'изобилие',10003,10018),(11219,'e Gleichg[ltigkeit',10003,10019),(11220,'безразличие',10003,10018),(11221,'r Schaden',10003,10019),(11222,'вред',10003,10018),(11223,'e Gerechtigkeit',10003,10019),(11224,'справедливость',10003,10018),(11225,'s Lob',10003,10019),(11226,'похвала',10003,10018),(11227,'r Argwohn',10003,10019),(11228,'недоверие',10003,10018),(11229,'e Treue',10003,10019),(11230,'верность',10003,10018),(11231,'s Vertrauen',10003,10019),(11232,'доверие',10003,10018),(11233,'e Härte',10003,10019),(11234,'твёрдость',10003,10018),(11235,'s Fanatismus',10003,10019),(11236,'фанатизм',10003,10018),(11237,'r Tadel',10003,10019),(11238,'порицание',10003,10018),(11239,'e Zurückwisung',10003,10019),(11240,'отказ',10003,10018),(11241,'e Grobheit',10003,10019),(11242,'грубость',10003,10018),(11243,'e Freiheit',10003,10019),(11244,'свобода',10003,10018),(11245,'r Zwang',10003,10019),(11246,'принуждение',10003,10018),(11247,'r Verrat',10003,10019),(11248,'предательство',10003,10018),(11249,'e Mangel',10003,10019),(11250,'недостаток',10003,10018),(11251,'r Schmach',10003,10019),(11252,'позор',10003,10018),(11253,'бесславие',10003,10018),(11254,'r Ruhm',10003,10019),(11255,'слава',10003,10018),(11256,'e Anteilnahme',10003,10019),(11257,'участие',10003,10018),(11258,'сочувствие',10003,10018),(11259,'e Ordnung',10003,10019),(11260,'порядок',10003,10018),(11261,'e Mißschätzung',10003,10019),(11262,'неуважение',10003,10018),(11263,'презрение',10003,10018),(11264,'r Aufbau',10003,10019),(11265,'постройка',10003,10018),(11266,'развитие',10003,10018),(11267,'e Hilfsbereitschaft',10003,10019),(11268,'готовность помочь',10003,10018),(11269,'e Ehre',10003,10019),(11270,'честь',10003,10018),(11271,'r Widerspruch',10003,10019),(11272,'сопростивление',10003,10018),(11273,'r Willkür',10003,10019),(11274,'произвол',10003,10018),(11275,'e Langweile',10003,10019),(11276,'скука',10003,10018),(11277,'e Verlogenheit',10003,10019),(11278,'лживость',10003,10018),(11279,'s Entgegenkommen',10003,10019),(11280,'хождение навстречу',10003,10018),(11281,'r Eigennutz',10003,10019),(11282,'корысть',10003,10018),(11283,'e Verlassenheit',10003,10019),(11284,'заброшенность',10003,10018),(11285,'одиночество',10003,10018),(11286,'e Höflichkeit',10003,10019),(11287,'вежливость',10003,10018),(11288,'e Nachsicht',10003,10019),(11289,'снисхождение',10003,10018),(11290,'e Aufrichtigkeit',10003,10019),(11291,'искренность',10003,10018),(11292,'e Anerkennung',10003,10019),(11293,'признание',10003,10018),(11294,'unbeholfen',10008,10019),(11295,'нерасторопный',10008,10018),(11296,'неловкий',10008,10018),(11297,'неуклюжиый',10008,10018),(11298,'seicht',10008,10019),(11299,'мелководный',10008,10018),(11300,'ограниченный (умственно)',10008,10018),(11301,'unverfroren',10008,10019),(11302,'наглый',10008,10018),(11303,'дерзкий',10008,10018),(11304,'einheitlich',10008,10019),(11305,'единый',10008,10018),(11306,'стадартный',10008,10018),(11307,'ranzig',10008,10019),(11308,'прогорклый',10008,10018),(11309,'затхлый',10008,10018),(11310,'sämtlich',10008,10019),(11311,'все (без исключения)',10008,10018),(11312,'ausnahmslos',10008,10019),(11313,'не знающий исключений',10008,10018),(11314,'solide',10008,10019),(11315,'солидный',10008,10018),(11316,'надежный',10008,10018),(11317,'ungestüm',10008,10019),(11318,'вспыльчивый',10008,10018),(11319,'стремительный',10008,10018),(11320,'vollzählig',10008,10019),(11321,'полный',10008,10018),(11322,'в полном составе',10008,10018),(11323,'schlüssig',10008,10019),(11324,'обоснованный',10008,10018),(11325,'убедительный',10008,10018),(11326,'ungekürzt',10008,10019),(11327,'неукороченный',10008,10018),(11328,'неубавленный',10008,10018),(11329,'unnahbar',10008,10019),(11330,'высокомерный',10008,10018),(11331,'неприступный',10008,10018),(11332,'berechtigt',10008,10019),(11333,'резонный',10008,10018),(11334,'gepflegt',10008,10019),(11335,'ухоженный',10008,10018),(11336,'schwerfällig',10008,10019),(11337,'неповоротливый',10008,10018),(11338,'неуклюжий',10008,10018),(11339,'matt',10008,10019),(11340,'слабый',10008,10018),(11341,'вялый',10008,10018),(11342,'unverhofft',10008,10019),(11343,'неожиданный',10008,10018),(11344,'vollendet',10008,10019),(11345,'совершенный',10008,10018),(11346,'законченный',10008,10018),(11347,'завершенный',10008,10018),(11348,'gedrückt',10008,10019),(11349,'угнетенный',10008,10018),(11350,'подавленный',10008,10018),(11351,'vollauf',10008,10019),(11352,'вдоболь',10008,10018),(11353,'достаточно',10008,10018),(11354,'вполне',10008,10018),(11355,'uneingeschränkt',10008,10019),(11356,'неограниченный',10008,10018),(11357,'dicht',10008,10019),(11358,'плотный',10008,10018),(11359,'непроницаемый',10008,10018),(11360,'﻿unverbindlich',10008,10019),(11361,'ни к чему не обязывающий',10008,10018),(11362,'слишком общий',10008,10018),(11363,'faul',10008,10019),(11364,'ленивый',10008,10018),(11365,'гнилой',10008,10018),(11366,'тухлый',10008,10018),(11367,'schal',10008,10019),(11368,'безвкусный',10008,10018),(11369,'пресный',10008,10018),(11370,'völlig',10008,10019),(11371,'dumpf',10008,10019),(11372,'глухой',10008,10018),(11373,'unversehrt',10008,10019),(11374,'невредимый',10008,10018),(11375,'целый',10008,10018),(11376,'artig',10008,10019),(11377,'вежливый',10008,10018),(11378,'воспитанный',10008,10018),(11379,'voll',10008,10019),(11380,'заполненный',10008,10018),(11381,'исполненный',10008,10018),(11382,'total',10008,10019),(11383,'всеобщиий',10008,10018),(11384,'zahn',10008,10019),(11385,'ручной',10008,10018),(11386,'kultiviert',10008,10019),(11387,'образцовый',10008,10018),(11388,'умственно развитый',10008,10018),(11389,'gesamt',10008,10019),(11390,'весь',10008,10018),(11391,'общий',10008,10018),(11392,'совокупный',10008,10018),(11393,'besonnen',10008,10019),(11394,'рассудительный',10008,10018),(11395,'vollständig',10008,10019),(11396,'полный (о данныйх)',10008,10018),(11397,'совершенный (о покое)',10008,10018),(11398,'абсолютно',10008,10018),(11399,'совершенно',10008,10018),(11400,'unschlüssig',10008,10019),(11401,'неприветливый',10008,10018),(11402,'lückenlos',10008,10019),(11403,'без пробелов',10008,10018),(11404,'нерперывный',10008,10018),(11405,'сплошной',10008,10018),(11406,'unbeschwert',10008,10019),(11407,'беззаботный',10008,10018),(11408,'неотягощенный',10008,10018),(11409,'dünn',10008,10019),(11410,'тонкий',10008,10018),(11411,'худой',10008,10018),(11412,'редний (волосы)',10008,10018),(11413,'dürr',10008,10019),(11414,'сухой',10008,10018),(11415,'высохший',10008,10018),(11416,'vollkommen',10008,10019),(11417,'абсолютный',10008,10018),(11418,'rundweg',10008,10019),(11419,'сразу',10008,10018),(11420,'прямо',10008,10018),(11421,'heiser',10008,10019),(11422,'хриплый',10008,10018),(11423,'охрипший',10008,10018),(11424,'schwül',10008,10019),(11425,'душный',10008,10018),(11426,'знойный',10008,10018),(11427,'unwirsch',10008,10019),(11428,'грубый',10008,10018),(11429,'planmäßig',10008,10019),(11430,'планомерный',10008,10018),(11431,'штатный',10008,10018),(11432,'unleserlich',10008,10019),(11433,'неразборчивый',10008,10018),(11434,'welk',10008,10019),(11435,'блеклый',10008,10018),(11436,'umfassend',10008,10019),(11437,'обшщирный',10008,10018),(11438,'всеобъемлющий',10008,10018),(11439,'широко',10008,10018),(11440,'всеобъемлюще',10008,10018),(11441,'verschwommen',10008,10019),(11442,'туманный',10008,10018),(11443,'расплывчатый',10008,10018),(11444,'(un)fähig sein zu',10008,10019),(11445,'быть способным',10008,10018),(11446,'быть неспособным на что-то',10008,10018),(11447,'gewöhnt sein an A',10008,10019),(11448,'привыкнуть к чему-то',10008,10018),(11449,'(un)schädlich sein für',10008,10019),(11450,'быть вредным',10008,10018),(11451,'быть безвредным для',10008,10018),(11452,'wütend sein über',10008,10019),(11453,'быть в ярости из-за',10008,10018),(11454,'abhängig sein von',10008,10019),(11455,'зависеть от чего-то',10008,10018),(11456,'verwundert sein über',10008,10019),(11457,'быть удивленным чем-то',10008,10018),(11458,'enttäuscht sein von',10008,10019),(11459,'быть разочарованным в чем-то',10008,10018),(11460,'verliebt sein in A',10008,10019),(11461,'быть влюбленным в кого-то',10008,10018),(11462,'nützlich sein  für',10008,10019),(11463,'быть полезным для',10008,10018),(11464,'verwandt sein mit',10008,10019),(11465,'быть родственным для кого-то',10008,10018),(11466,'(un)erfahren sein in D',10008,10019),(11467,'быть опытным',10008,10018),(11468,'быть неопытным в чем-то',10008,10018),(11469,'immun sein gegen A',10008,10019),(11470,'быть неуязвимым к чему-то',10008,10018),(11471,'zufrieden sein mit',10008,10019),(11472,'быть довольным чем-то',10008,10018),(11473,'interessiert sein an D',10008,10019),(11474,'быть заинтересованным в чем-то',10008,10018),(11475,'(un)geeignet sein für',10008,10019),(11476,'быть пригодным',10008,10018),(11477,'быть непригодным к чему-то',10008,10018),(11478,'böse sein auf A',10008,10019),(11479,'злиться из-за чего-то',10008,10018),(11480,'schuld sein an D',10008,10019),(11481,'быть виноватым в чем-то',10008,10018),(11482,'verantwortlich sein für',10008,10019),(11483,'быть ответственным за что-то',10008,10018),(11484,'(un)wichtig sein für',10008,10019),(11485,'быть важным',10008,10018),(11486,'быть неважным для',10008,10018),(11487,'glücklich sein über',10008,10019),(11488,'быть радостным из-за',10008,10018),(11489,'erkrankt sein an D',10008,10019),(11490,'быть больным чем-то',10008,10018),(11491,'befreundet sein mit',10008,10019),(11492,'быть дружественным кому-то',10008,10018),(11493,'entschlossen sein zu',10008,10019),(11494,'решиться на что-то',10008,10018),(11495,'angesehen sein bei',10008,10019),(11496,'быть в почете среди кого-то',10008,10018),(11497,'reich sein an D',10008,10019),(11498,'быть богатым чем-то',10008,10018),(11499,'beteiligt sein an D',10008,10019),(11500,'быть задействованным в чем-то',10008,10018),(11501,'entfernt sein von',10008,10019),(11502,'быть отдаленным от чего-то',10008,10018),(11503,'freundlich sein zu',10008,10019),(11504,'быть дружественным к кому-то',10008,10018),(11505,'Bereit sein zu',10008,10019),(11506,'быть готовым на что-то',10008,10018),(11507,'aufgeschlossen sein gegenüber',10008,10019),(11508,'быть открытым перед кем-то',10008,10018),(11509,'beschäftigt sein mit',10008,10019),(11510,'быть занятым чем-то',10008,10018),(11511,'gut sein in D',10008,10019),(11512,'быть хорошим в чем-то',10008,10018),(11513,'быть хорошим для чего-то',10008,10018),(11514,'stolz sein auf A',10008,10019),(11515,'быть гордым чем-то',10008,10018),(11516,'traurig sein über',10008,10019),(11517,'быть грустным из-за',10008,10018),(11518,'erstaunt sein über',10008,10019),(11519,'быть изумленным чем-то',10008,10018),(11520,'nett sein zu',10008,10019),(11521,'быть любезным с кем-то',10008,10018),(11522,'adressiert sein an A',10008,10019),(11523,'быть адресованным кому-то',10008,10018),(11524,'fertig sein mit',10008,10019),(11525,'быть готовым с чем-то',10008,10018),(11526,'zurückhaltend sein gegenüber',10008,10019),(11527,'быть сдержанным перед кем-то',10008,10018),(11528,'eifersüchtig sein auf A',10008,10019),(11529,'завидовать чему-то',10008,10018),(11530,'verrückt sein nach',10008,10019),(11531,'сходить с ума из-за',10008,10018),(11532,'erfreut sein über',10008,10019),(11533,'быть обрадованным чем-то',10008,10018),(11534,'(un)beliebt sein bei',10008,10019),(11535,'быть не любимым среди',10008,10018),(11536,'überzeugt sein von',10008,10019),(11537,'быть убежденным в чем-то',10008,10018),(11538,'ärgerlich sein auf A',10008,10019),(11539,'nachlässig sein in D',10008,10019),(11540,'быть неосторожным в',10008,10018),(11541,'angewiesen sein auf A',10008,10019),(11542,'быть уверенным в чем-то',10008,10018),(11543,'begeistert sein von',10008,10019),(11544,'быть взволнованным чем-то',10008,10018),(11545,'(un)empfindlich sein gegen A',10008,10019),(11546,'быть нечувствительным к чему-то',10008,10018),(11547,'unterteilt sein in A',10008,10019),(11548,'быть разделенным на',10008,10018);
/*!40000 ALTER TABLE `words` ENABLE KEYS */;
UNLOCK TABLES;
/*!40103 SET TIME_ZONE=@OLD_TIME_ZONE */;

/*!40101 SET SQL_MODE=@OLD_SQL_MODE */;
/*!40014 SET FOREIGN_KEY_CHECKS=@OLD_FOREIGN_KEY_CHECKS */;
/*!40014 SET UNIQUE_CHECKS=@OLD_UNIQUE_CHECKS */;
/*!40101 SET CHARACTER_SET_CLIENT=@OLD_CHARACTER_SET_CLIENT */;
/*!40101 SET CHARACTER_SET_RESULTS=@OLD_CHARACTER_SET_RESULTS */;
/*!40101 SET COLLATION_CONNECTION=@OLD_COLLATION_CONNECTION */;
/*!40111 SET SQL_NOTES=@OLD_SQL_NOTES */;

-- Dump completed on 2018-03-11 21:53:43
